{
    "krippendorff": {
        "criteria 1": 0.7709864603481624,
        "criteria 2": 0.829140958709065,
        "criteria 3": 0.5509200507614214,
        "criteria 4": 0.7282204020848846,
        "criteria 5": 0.8925429107168614
    }
}