{
    "criteria 1": {
        "accuracy": 0.58,
        "f1": [
            0.6666666666666666,
            0.43243243243243246
        ]
    },
    "criteria 2": {
        "accuracy": 0.5,
        "f1": [
            0.6857142857142857,
            0.0,
            0.0,
            0.2222222222222222
        ]
    },
    "criteria 3": {
        "accuracy": 0.14,
        "f1": [
            0.08888888888888889,
            0.13953488372093023,
            0.3333333333333333
        ]
    },
    "criteria 4": {
        "accuracy": 0.52,
        "f1": [
            0.52,
            0.52
        ]
    },
    "criteria 5": {
        "accuracy": 0.78,
        "f1": [
            0.7222222222222222,
            0.56,
            0.9743589743589743
        ]
    }
}