{
    "criteria 1": {
        "accuracy": 0.64,
        "f1": [
            0.7567567567567568,
            0.3076923076923077
        ]
    },
    "criteria 2": {
        "accuracy": 0.38,
        "f1": [
            0.5263157894736842,
            0.3333333333333333,
            0.0,
            0.0
        ]
    },
    "criteria 3": {
        "accuracy": 0.06,
        "f1": [
            0.0,
            0.0,
            0.11320754716981132
        ]
    },
    "criteria 4": {
        "accuracy": 0.54,
        "f1": [
            0.08,
            0.6933333333333334
        ]
    },
    "criteria 5": {
        "accuracy": 0.74,
        "f1": [
            0.6666666666666666,
            0.48,
            0.9743589743589743
        ]
    }
}