{
    "criteria 1": {
        "accuracy": 0.66,
        "f1": [
            0.7733333333333333,
            0.32
        ]
    },
    "criteria 2": {
        "accuracy": 0.56,
        "f1": [
            0.696969696969697,
            0.2,
            0.2857142857142857,
            0.4
        ]
    },
    "criteria 3": {
        "accuracy": 0.62,
        "f1": [
            0.7323943661971831,
            0.25,
            0.8
        ]
    },
    "criteria 4": {
        "accuracy": 0.52,
        "f1": [
            0.6470588235294118,
            0.25
        ]
    },
    "criteria 5": {
        "accuracy": 0.8,
        "f1": [
            0.7619047619047619,
            0.5263157894736842,
            0.9743589743589743
        ]
    }
}